{"cameraMode":{"drawMode":0,"name":"Shaded","section":"Shading Mode"},"sceneLighting":true,"audioPlay":false,"sceneViewState":{"showFog":true,"showMaterialUpdate":false,"showSkybox":true,"showFlares":true,"showImageEffects":true,"showParticleSystems":true},"in2DMode":false,"pivot":{"x":0.45490118861198428,"y":0.4171583354473114,"z":-0.05807995796203613},"rotation":{"x":-0.0016768666682764888,"y":0.9982783198356628,"z":-0.03626277670264244,"w":-0.046152498573064807},"size":44.249820709228519,"orthographic":false}