{"cameraMode":{"drawMode":0,"name":"Shaded","section":"Shading Mode"},"sceneLighting":true,"audioPlay":false,"sceneViewState":{"showFog":true,"showMaterialUpdate":true,"showSkybox":true,"showFlares":true,"showImageEffects":true,"showParticleSystems":true},"in2DMode":false,"pivot":{"x":-5.355116844177246,"y":1.4174259901046754,"z":-14.938672065734864},"rotation":{"x":-0.008816208690404892,"y":0.7425961494445801,"z":0.009812062606215477,"w":0.6696576476097107},"size":24.605003356933595,"orthographic":false}