{"cameraMode":{"drawMode":0,"name":"Shaded","section":"Shading Mode"},"sceneLighting":true,"audioPlay":false,"sceneViewState":{"showFog":true,"showMaterialUpdate":false,"showSkybox":true,"showFlares":true,"showImageEffects":true,"showParticleSystems":true},"in2DMode":false,"pivot":{"x":647.3906860351563,"y":-252.12026977539063,"z":760.763916015625},"rotation":{"x":-0.12217237800359726,"y":-0.34732377529144289,"z":0.04569466784596443,"w":-0.9286413788795471},"size":1045.8238525390625,"orthographic":false}